<project default="build">

    <target name="clean">
        <delete dir="./classes/com/softwareag/gcs/wm/codereview/operations"/>
    	<delete dir="./classes/com/softwareag/gcs/wm/codereview/sensors"/>
    	<delete dir="./classes/com/softwareag/gcs/wm/codereview/decorators"/>
    </target>

    <target name="compile" depends="clean">
        <mkdir dir="./classes"/>
        <javac srcdir="src" destdir="./classes" classpath="lib/GCS_ContinuousCodeReview-Pub.jar;lib/GCS_ContinuousCodeReview-impl.jar"/>
    </target>

  
    <target name="build" depends="compile">
    </target>

</project>